{
  "entity_type:Q1354960": {
    "value": [
      "Q5"
    ],
    "_created_at": 1769798439.8172176
  },
  "entity_type:Q90951128": {
    "value": [
      "Q5"
    ],
    "_created_at": 1769798442.8345845
  },
  "entity_type:Q20423055": {
    "value": [
      "Q5"
    ],
    "_created_at": 1769798444.5774007
  },
  "entity_type:Q43975293": {
    "value": [
      "Q5"
    ],
    "_created_at": 1769798446.2169037
  },
  "entity_type:Q22109496": {
    "value": [
      "Q5"
    ],
    "_created_at": 1769798447.794874
  },
  "entity_type:Q101002080": {
    "value": [
      "Q10514115"
    ],
    "_created_at": 1769878757.6460762
  }
}