{
  "entity_type:Q133903": {
    "value": [
      "Q5"
    ],
    "_created_at": 1769883497.9651067
  },
  "entity_type:Q1354960": {
    "value": [
      "Q5"
    ],
    "_created_at": 1769884044.5737672
  },
  "entity_type:Q90951128": {
    "value": [
      "Q5"
    ],
    "_created_at": 1769884046.310651
  },
  "entity_type:Q101002080": {
    "value": [
      "Q10514115"
    ],
    "_created_at": 1769884067.385089
  },
  "entity_type:Q20423055": {
    "value": [
      "Q5"
    ],
    "_created_at": 1769884068.2106981
  },
  "entity_type:Q43975293": {
    "value": [
      "Q5"
    ],
    "_created_at": 1769884070.3444018
  },
  "entity_type:Q22109496": {
    "value": [
      "Q5"
    ],
    "_created_at": 1769884071.931066
  }
}