{
  "neighbors:Q317521": {
    "value": [
      "Q6409751",
      "Q7827568",
      "Q104721244",
      "Q105538968",
      "Q111363577",
      "Q269309",
      "Q6318376",
      "Q24007468",
      "Q35723119",
      "Q93418989",
      "Q95724881",
      "Q97572429",
      "Q101674980",
      "Q101675036",
      "Q101675234",
      "Q109731214",
      "Q111204042",
      "Q122374054",
      "Q122374820",
      "Q122374852",
      "Q133206081",
      "Q133456202",
      "Q117970",
      "Q229166",
      "Q6708744",
      "Q28534056",
      "Q104721242",
      "Q112957545",
      "Q101879184"
    ],
    "_created_at": 1768844412.904831
  },
  "neighbors:Q6409751": {
    "value": [
      "Q21592110",
      "Q24007468",
      "Q35723119",
      "Q93423974",
      "Q111014620",
      "Q111014625",
      "Q317521",
      "Q7827568",
      "Q104721244",
      "Q105538968",
      "Q111363577"
    ],
    "_created_at": 1768844413.5635602
  },
  "neighbors:Q7827568": {
    "value": [
      "Q24007468",
      "Q35723119",
      "Q104721025",
      "Q104721029",
      "Q317521",
      "Q6409751",
      "Q104721244",
      "Q105538968",
      "Q111363577"
    ],
    "_created_at": 1768844414.2146275
  },
  "neighbors:Q104721244": {
    "value": [
      "Q317521",
      "Q6409751",
      "Q7827568",
      "Q35723119",
      "Q104721242",
      "Q105538968",
      "Q111363577"
    ],
    "_created_at": 1768844414.8435483
  },
  "neighbors:Q105538968": {
    "value": [
      "Q317521",
      "Q6409751",
      "Q7827568",
      "Q35723119",
      "Q104721242",
      "Q104721244",
      "Q104721250",
      "Q111363577"
    ],
    "_created_at": 1768844415.6187437
  },
  "neighbors:Q111363577": {
    "value": [
      "Q317521",
      "Q6409751",
      "Q7827568",
      "Q35723119",
      "Q104721242",
      "Q104721244",
      "Q104721250",
      "Q105538968"
    ],
    "_created_at": 1768844416.2367058
  },
  "neighbors:Q269309": {
    "value": [
      "Q312531",
      "Q317521"
    ],
    "_created_at": 1768844416.8834984
  },
  "neighbors:Q6318376": {
    "value": [
      "Q317521",
      "Q95724881",
      "Q97572429",
      "Q101674980",
      "Q101675036",
      "Q101675234",
      "Q109731214"
    ],
    "_created_at": 1768844417.566756
  },
  "neighbors:Q24007468": {
    "value": [
      "Q317521",
      "Q6409751",
      "Q7827568",
      "Q35723119",
      "Q56072149",
      "Q101676127",
      "Q101676386",
      "Q101838999",
      "Q105537976",
      "Q105539143"
    ],
    "_created_at": 1768844418.6543136
  },
  "neighbors:Q35723119": {
    "value": [
      "Q104721242",
      "Q104721242",
      "Q317521",
      "Q6409751",
      "Q7827568",
      "Q24007468",
      "Q101676766",
      "Q101676922",
      "Q104721244",
      "Q104721250",
      "Q105538968",
      "Q111363577"
    ],
    "_created_at": 1768844419.3609128
  },
  "neighbors:Q93418989": {
    "value": [
      "Q117970",
      "Q317521",
      "Q58825794",
      "Q95724881",
      "Q97572429",
      "Q101674980",
      "Q101675036",
      "Q101675234",
      "Q109731214",
      "Q111204042",
      "Q122374054",
      "Q122374820",
      "Q122374852"
    ],
    "_created_at": 1768844419.9981847
  },
  "neighbors:Q95724881": {
    "value": [
      "Q317521",
      "Q6318376",
      "Q93418989",
      "Q97572429",
      "Q101674980",
      "Q101675036",
      "Q101675234",
      "Q109731214",
      "Q111204042",
      "Q122374054",
      "Q122374820",
      "Q122374852"
    ],
    "_created_at": 1768844421.017531
  },
  "neighbors:Q97572429": {
    "value": [
      "Q317521",
      "Q6318376",
      "Q93418989",
      "Q95724881",
      "Q101674980",
      "Q101675036",
      "Q101675234",
      "Q109731214",
      "Q111204042",
      "Q122374054",
      "Q122374820",
      "Q122374852"
    ],
    "_created_at": 1768844422.1032968
  },
  "neighbors:Q101674980": {
    "value": [
      "Q317521",
      "Q6318376",
      "Q93418989",
      "Q95724881",
      "Q97572429",
      "Q101675036",
      "Q101675234",
      "Q109731214",
      "Q111204042",
      "Q122374054",
      "Q122374820",
      "Q122374852",
      "Q133206081"
    ],
    "_created_at": 1768844422.7878692
  },
  "neighbors:Q101675036": {
    "value": [
      "Q317521",
      "Q6318376",
      "Q93418989",
      "Q95724881",
      "Q97572429",
      "Q101674980",
      "Q101675234",
      "Q109731214",
      "Q111204042",
      "Q122374054",
      "Q122374820",
      "Q122374852"
    ],
    "_created_at": 1768844423.4430044
  },
  "neighbors:Q101675234": {
    "value": [
      "Q317521",
      "Q6318376",
      "Q93418989",
      "Q95724881",
      "Q97572429",
      "Q101674980",
      "Q101675036",
      "Q109731214",
      "Q111204042",
      "Q122374054",
      "Q122374820",
      "Q122374852"
    ],
    "_created_at": 1768844424.1095223
  },
  "neighbors:Q109731214": {
    "value": [
      "Q317521",
      "Q6318376",
      "Q93418989",
      "Q95724881",
      "Q97572429",
      "Q101674980",
      "Q101675036",
      "Q101675234",
      "Q111204042",
      "Q122374054",
      "Q122374820",
      "Q122374852"
    ],
    "_created_at": 1768844424.733174
  },
  "neighbors:Q111204042": {
    "value": [
      "Q117970",
      "Q317521",
      "Q93418989",
      "Q95724881",
      "Q97572429",
      "Q101674980",
      "Q101675036",
      "Q101675234",
      "Q109731214",
      "Q122374054",
      "Q122374820",
      "Q122374852"
    ],
    "_created_at": 1768844425.4044235
  },
  "neighbors:Q122374054": {
    "value": [
      "Q117970",
      "Q317521",
      "Q93418989",
      "Q95724881",
      "Q97572429",
      "Q101674980",
      "Q101675036",
      "Q101675234",
      "Q109731214",
      "Q111204042",
      "Q122374820",
      "Q122374852",
      "Q133456202"
    ],
    "_created_at": 1768844426.0722914
  },
  "neighbors:Q122374820": {
    "value": [
      "Q317521",
      "Q93418989",
      "Q95724881",
      "Q97572429",
      "Q101674980",
      "Q101675036",
      "Q101675234",
      "Q109731214",
      "Q111204042",
      "Q112957545",
      "Q122374054",
      "Q122374852"
    ],
    "_created_at": 1768844426.6939285
  },
  "neighbors:Q122374852": {
    "value": [
      "Q317521",
      "Q93418989",
      "Q95724881",
      "Q97572429",
      "Q101674980",
      "Q101675036",
      "Q101675234",
      "Q109731214",
      "Q111204042",
      "Q112957545",
      "Q122374054",
      "Q122374820"
    ],
    "_created_at": 1768844427.363535
  },
  "neighbors:Q133206081": {
    "value": [
      "Q317521",
      "Q101674980",
      "Q112957545"
    ],
    "_created_at": 1768844428.1012914
  },
  "neighbors:Q133456202": {
    "value": [
      "Q317521",
      "Q112957545",
      "Q122374054"
    ],
    "_created_at": 1768844428.726748
  },
  "neighbors:Q117970": {
    "value": [
      "Q93418989",
      "Q95605342",
      "Q111204042",
      "Q117538030",
      "Q122374054",
      "Q317521",
      "Q99678050"
    ],
    "_created_at": 1768844429.3774815
  },
  "neighbors:Q229166": {
    "value": [
      "Q37175",
      "Q317521",
      "Q3297825"
    ],
    "_created_at": 1768844430.046712
  },
  "neighbors:Q6708744": {
    "value": [
      "Q317521",
      "Q101838999"
    ],
    "_created_at": 1768844430.6624665
  },
  "neighbors:Q28534056": {
    "value": [
      "Q317521"
    ],
    "_created_at": 1768844431.2781625
  },
  "neighbors:Q104721242": {
    "value": [
      "Q317521",
      "Q35723119",
      "Q35723119",
      "Q104721244",
      "Q104721250",
      "Q105538968",
      "Q111363577",
      "Q115039851"
    ],
    "_created_at": 1768844431.9594011
  },
  "neighbors:Q112957545": {
    "value": [
      "Q317521",
      "Q122374820",
      "Q122374852",
      "Q133206081",
      "Q133456202"
    ],
    "_created_at": 1768844432.6389935
  },
  "neighbors:Q101879184": {
    "value": [
      "Q101676127",
      "Q107055670"
    ],
    "_created_at": 1768844433.486157
  },