{
  "neighbors:Q1354960": {
    "value": [],
    "_created_at": 1769878736.9181921
  },
  "neighbors:Q90951128": {
    "value": [
      "Q101002080"
    ],
    "_created_at": 1769878756.7065096
  },
  "neighbors:Q20423055": {
    "value": [],
    "_created_at": 1769878758.3834257
  },
  "neighbors:Q43975293": {
    "value": [],
    "_created_at": 1769878759.020972
  },
  "neighbors:Q22109496": {
    "value": [],
    "_created_at": 1769878759.9035864
  }
}