{
  "neighbors:Q317521": {
    "value": [
      "Q123885",
      "Q193701",
      "Q478214",
      "Q604444",
      "Q671782",
      "Q1329269",
      "Q1420038",
      "Q7242167",
      "Q7555824",
      "Q7974160",
      "Q21708200",
      "Q28874479",
      "Q29043471",
      "Q48817614",
      "Q105424537",
      "Q131158869",
      "Q134513950",
      "Q135219011",
      "Q41506",
      "Q49117"
    ],
    "_created_at": 1769707188.1169233
  },
  "neighbors:Q22686": {
    "value": [
      "Q130965",
      "Q1329269",
      "Q2462124",
      "Q7013764",
      "Q7744153",
      "Q16781948",
      "Q29468",
      "Q49117"
    ],
    "_created_at": 1769707194.8198404
  },
  "neighbors:Q5284": {
    "value": [
      "Q463303",
      "Q655286",
      "Q689633",
      "Q1493021",
      "Q7879362",
      "Q49123"
    ],
    "_created_at": 1769707510.091723
  },
  "neighbors:Q76": {
    "value": [
      "Q131252",
      "Q168778",
      "Q170018",
      "Q463303",
      "Q466089",
      "Q1036763",
      "Q1346110",
      "Q2015366",
      "Q3273124",
      "Q3483312",
      "Q4122998",
      "Q4537328",
      "Q4537781",
      "Q4537985",
      "Q5059051",
      "Q6411346",
      "Q14875335",
      "Q15262435",
      "Q13371",
      "Q29552",
      "Q49088",
      "Q49122"
    ],
    "_created_at": 1769707517.2501307
  },
  "neighbors:Q123411797": {
    "value": [],
    "_created_at": 1769707542.713372
  },
  "neighbors:Q684014": {
    "value": [
      "Q230492",
      "Q463303",
      "Q4960571",
      "Q7348679"
    ],
    "_created_at": 1769707548.7202847
  },
  "neighbors:Q100794547": {
    "value": [
      "Q49110"
    ],
    "_created_at": 1769707568.6338072
  },
  "neighbors:Q49110": {
    "value": [
      "Q4731943",
      "Q4732733",
      "Q4735869",
      "Q4757314",
      "Q4760181",
      "Q4762855",
      "Q4766456",
      "Q4768162",
      "Q4772931",
      "Q4773347",
      "Q4773779",
      "Q4775908",
      "Q4792770",
      "Q4799995",
      "Q4821528",
      "Q4864928",
      "Q4873326",
      "Q4889485",
      "Q4896407",
      "Q4960989",
      "Q5024322",
      "Q5040117",
      "Q5044330",
      "Q5047691",
      "Q5067733",
      "Q5076088",
      "Q5076089",
      "Q5076782",
      "Q5082021",
      "Q5082591",
      "Q5129226",
      "Q5129429",
      "Q5130236",
      "Q5211360",
      "Q5214725",
      "Q5227856",
      "Q5230870",
      "Q5231399",
      "Q5234524",
      "Q5236867",
      "Q5237883",
      "Q5238208",
      "Q5238850",
      "Q5240062",
      "Q5240189",
      "Q5248191",
      "Q5250520",
      "Q5253889",
      "Q5266440",
      "Q5293941"
    ],
    "_created_at": 1769707575.9815218
  },
  "neighbors:Q19837": {
    "value": [
      "Q127552",
      "Q308993",
      "Q463303",
      "Q928272",
      "Q1140775",
      "Q5890521",
      "Q13409231",
      "Q312",
      "Q29552"
    ],
    "_created_at": 1769708218.3640013
  },
  "neighbors:Q1124": {
    "value": [
      "Q81087",
      "Q128047",
      "Q218868",
      "Q463303",
      "Q1070333",
      "Q1143289",
      "Q1540336",
      "Q1938003",
      "Q3075672",
      "Q5910453",
      "Q1065",
      "Q29552"
    ],
    "_created_at": 1769708453.5999625
  },
  "neighbors:Q6279": {
    "value": [
      "Q617433",
      "Q1068072",
      "Q2860580",
      "Q3443325",
      "Q5522201",
      "Q29552",
      "Q49117"
    ],
    "_created_at": 1769708603.067396
  },
  "neighbors:Q42242293": {
    "value": [],
    "_created_at": 1769708732.2195506
  }
}