{
  "neighbors:Q133903": {
    "value": [],
    "_created_at": 1769883498.648234
  },
  "neighbors:Q1354960": {
    "value": [],
    "_created_at": 1769884045.1787918
  },
  "neighbors:Q90951128": {
    "value": [
      "Q101002080"
    ],
    "_created_at": 1769884066.375811
  },
  "neighbors:Q20423055": {
    "value": [],
    "_created_at": 1769884068.9629602
  },
  "neighbors:Q43975293": {
    "value": [],
    "_created_at": 1769884071.184263
  },
  "neighbors:Q22109496": {
    "value": [],
    "_created_at": 1769884072.8700569
  }
}