{
  "path:Q317521:Q22686": {
    "value": null,
    "_created_at": 1768844454.5247781
  },
  "path:Q317521:Q3713655": {
    "value": null,
    "_created_at": 1768844454.567776
  },
  "path:Q317521:Q27947481": {
    "value": null,
    "_created_at": 1768844454.5985894
  },
  "path:Q317521:Q23000825": {
    "value": null,
    "_created_at": 1768844454.6450088
  },
  "path:Q317521:Q699872": {
    "value": null,
    "_created_at": 1768844454.6940315
  },
  "path:Q121968158:Q22686": {
    "value": null,
    "_created_at": 1768844457.2284505
  },
  "path:Q121968158:Q3713655": {
    "value": null,
    "_created_at": 1768844457.253835
  },
  "path:Q121968158:Q27947481": {
    "value": null,
    "_created_at": 1768844457.2935688
  },
  "path:Q121968158:Q23000825": {
    "value": null,
    "_created_at": 1768844457.3351266
  },
  "path:Q121968158:Q699872": {
    "value": null,
    "_created_at": 1768844457.3613532
  },
  "path:Q111725317:Q22686": {
    "value": null,
    "_created_at": 1768844458.304444
  },
  "path:Q111725317:Q3713655": {
    "value": null,
    "_created_at": 1768844458.333501
  },
  "path:Q111725317:Q27947481": {
    "value": null,
    "_created_at": 1768844458.35888
  },
  "path:Q111725317:Q23000825": {
    "value": null,
    "_created_at": 1768844458.4067914
  },
  "path:Q111725317:Q699872": {
    "value": null,
    "_created_at": 1768844458.449247
  },
  "path:Q122380405:Q22686": {
    "value": null,
    "_created_at": 1768844460.3204288
  },
  "path:Q122380405:Q3713655": {
    "value": null,
    "_created_at": 1768844460.3484495
  },
  "path:Q122380405:Q27947481": {
    "value": null,
    "_created_at": 1768844460.3905454
  },
  "path:Q122380405:Q23000825": {
    "value": null,
    "_created_at": 1768844460.4342084
  },
  "path:Q122380405:Q699872": {
    "value": null,
    "_created_at": 1768844460.4774108
  },
  "path:Q123134390:Q22686": {
    "value": null,
    "_created_at": 1768844462.18997
  },
  "path:Q123134390:Q3713655": {
    "value": null,
    "_created_at": 1768844462.2120304
  },
  "path:Q123134390:Q27947481": {
    "value": null,
    "_created_at": 1768844462.2238905
  },
  "path:Q123134390:Q23000825": {
    "value": null,
    "_created_at": 1768844462.2357638
  },
  "path:Q123134390:Q699872": {
    "value": null,
    "_created_at": 1768844462.2486205
  }
}