{
  "path:Q317521:Q22686": {
    "value": null,
    "_created_at": 1768844454.5247781
  },
  "path:Q317521:Q3713655": {
    "value": null,
    "_created_at": 1768844454.567776
  },
  "path:Q317521:Q27947481": {
    "value": null,
    "_created_at": 1768844454.5985894
  },
  "path:Q317521:Q23000825": {
    "value": null,
    "_created_at": 1768844454.6450088
  },
  "path:Q317521:Q699872": {
    "value": null,
    "_created_at": 1768844454.6940315
  },
  "path:Q121968158:Q22686": {
    "value": null,
    "_created_at": 1768844457.2284505
  },
  "path:Q121968158:Q3713655": {
    "value": null,
    "_created_at": 1768844457.253835
  },
  "path:Q121968158:Q27947481": {
    "value": null,
    "_created_at": 1768844457.2935688
  },
  "path:Q121968158:Q23000825": {
    "value": null,
    "_created_at": 1768844457.3351266
  },
  "path:Q121968158:Q699872": {
    "value": null,
    "_created_at": 1768844457.3613532
  },
  "path:Q111725317:Q22686": {
    "value": null,
    "_created_at": 1768844458.304444
  },
  "path:Q111725317:Q3713655": {
    "value": null,
    "_created_at": 1768844458.333501
  },
  "path:Q111725317:Q27947481": {
    "value": null,
    "_created_at": 1768844458.35888
  },
  "path:Q111725317:Q23000825": {
    "value": null,
    "_created_at": 1768844458.4067914
  },
  "path:Q111725317:Q699872": {
    "value": null,
    "_created_at": 1768844458.449247
  },
  "path:Q122380405:Q22686": {
    "value": null,
    "_created_at": 1768844460.3204288
  },
  "path:Q122380405:Q3713655": {
    "value": null,
    "_created_at": 1768844460.3484495
  },
  "path:Q122380405:Q27947481": {
    "value": null,
    "_created_at": 1768844460.3905454
  },
  "path:Q122380405:Q23000825": {
    "value": null,
    "_created_at": 1768844460.4342084
  },
  "path:Q122380405:Q699872": {
    "value": null,
    "_created_at": 1768844460.4774108
  },
  "path:Q123134390:Q22686": {
    "value": null,
    "_created_at": 1768844462.18997
  },
  "path:Q123134390:Q3713655": {
    "value": null,
    "_created_at": 1768844462.2120304
  },
  "path:Q123134390:Q27947481": {
    "value": null,
    "_created_at": 1768844462.2238905
  },
  "path:Q123134390:Q23000825": {
    "value": null,
    "_created_at": 1768844462.2357638
  },
  "path:Q123134390:Q699872": {
    "value": null,
    "_created_at": 1768844462.2486205
  },
  "path:Q1854:Q179910": {
    "value": null,
    "_created_at": 1768845494.955306
  },
  "path:Q1854:Q47509617": {
    "value": null,
    "_created_at": 1768845494.9774923
  },
  "path:Q1854:Q47509879": {
    "value": null,
    "_created_at": 1768845494.9897628
  },
  "path:Q1854:Q47511800": {
    "value": null,
    "_created_at": 1768845495.0004823
  },
  "path:Q1854:Q2349684": {
    "value": null,
    "_created_at": 1768845495.0132873
  },
  "path:Q36014:Q179910": {
    "value": null,
    "_created_at": 1768845525.6570947
  },
  "path:Q36014:Q47509617": {
    "value": null,
    "_created_at": 1768845525.6697948
  },
  "path:Q36014:Q47509879": {
    "value": null,
    "_created_at": 1768845525.6852958
  },
  "path:Q36014:Q47511800": {
    "value": null,
    "_created_at": 1768845525.7010539
  },
  "path:Q36014:Q2349684": {
    "value": null,
    "_created_at": 1768845525.7171423
  },
  "path:Q47512596:Q179910": {
    "value": null,
    "_created_at": 1768845501.846957
  },
  "path:Q47512596:Q47509617": {
    "value": null,
    "_created_at": 1768845501.8656213
  },
  "path:Q47512596:Q47509879": {
    "value": null,
    "_created_at": 1768845501.8763893
  },
  "path:Q47512596:Q47511800": {
    "value": null,
    "_created_at": 1768845501.8871596
  },
  "path:Q47512596:Q2349684": {
    "value": null,
    "_created_at": 1768845501.8970954
  },
  "path:Q5874021:Q179910": {
    "value": null,
    "_created_at": 1768845502.701078
  },
  "path:Q5874021:Q47509617": {
    "value": null,
    "_created_at": 1768845502.7168336
  },
  "path:Q5874021:Q47509879": {
    "value": null,
    "_created_at": 1768845502.7310455
  },
  "path:Q5874021:Q47511800": {
    "value": null,
    "_created_at": 1768845502.7436688
  },
  "path:Q5874021:Q2349684": {
    "value": null,
    "_created_at": 1768845502.7588472
  },
  "path:Q47509634:Q179910": {
    "value": null,
    "_created_at": 1768845504.5401495
  },
  "path:Q47509634:Q47509617": {
    "value": null,
    "_created_at": 1768845504.5632102
  },
  "path:Q47509634:Q47509879": {
    "value": null,
    "_created_at": 1768845504.5768483
  },
  "path:Q47509634:Q47511800": {
    "value": null,
    "_created_at": 1768845504.5896738
  },
  "path:Q47509634:Q2349684": {
    "value": null,
    "_created_at": 1768845504.6010265
  },
  "path:Q12901199:Q179910": {
    "value": null,
    "_created_at": 1768845526.966836
  },
  "path:Q12901199:Q47509617": {
    "value": null,
    "_created_at": 1768845526.9827957
  },
  "path:Q12901199:Q47509879": {
    "value": null,
    "_created_at": 1768845526.997695
  },
  "path:Q12901199:Q47511800": {
    "value": null,
    "_created_at": 1768845527.0115871
  },
  "path:Q12901199:Q2349684": {
    "value": null,
    "_created_at": 1768845527.0265715
  },
  "path:Q136026380:Q179910": {
    "value": null,
    "_created_at": 1768845530.7604375
  },
  "path:Q136026380:Q47509617": {
    "value": null,
    "_created_at": 1768845530.784912
  },
  "path:Q136026380:Q47509879": {
    "value": null,
    "_created_at": 1768845530.8019474
  },
  "path:Q136026380:Q47511800": {
    "value": null,
    "_created_at": 1768845530.8151112
  },
  "path:Q136026380:Q2349684": {
    "value": null,
    "_created_at": 1768845530.8277743
  },
  "path:Q117463274:Q179910": {
    "value": null,
    "_created_at": 1768845535.184519
  },
  "path:Q117463274:Q47509617": {
    "value": null,
    "_created_at": 1768845535.207785
  },
  "path:Q117463274:Q47509879": {
    "value": null,
    "_created_at": 1768845535.219576
  },
  "path:Q117463274:Q47511800": {
    "value": null,
    "_created_at": 1768845535.2327402
  },
  "path:Q117463274:Q2349684": {
    "value": null,
    "_created_at": 1768845535.2477775
  }
}