{
  "subclass:Q5:Q43229": {
    "value": false,
    "_created_at": 1769798440.4812374
  },
  "subclass:Q5:Q4164871": {
    "value": false,
    "_created_at": 1769798441.1198533
  }
}