{
  "subclass:Q117146794:Q43229": {
    "value": false,
    "_created_at": 1769707527.605949
  },
  "subclass:Q189533:Q4164871": {
    "value": false,
    "_created_at": 1769707528.4566143
  },
  "subclass:Q117146794:Q4164871": {
    "value": false,
    "_created_at": 1769707529.7422082
  },
  "subclass:Q56290623:Q43229": {
    "value": false,
    "_created_at": 1769707531.94446
  },
  "subclass:Q56290623:Q4164871": {
    "value": false,
    "_created_at": 1769707533.236037
  },
  "subclass:Q6256:Q43229": {
    "value": false,
    "_created_at": 1769707534.846239
  },
  "subclass:Q3624078:Q43229": {
    "value": false,
    "_created_at": 1769707536.1833594
  },
  "subclass:Q6256:Q4164871": {
    "value": false,
    "_created_at": 1769707537.1998596
  },
  "subclass:Q3624078:Q4164871": {
    "value": false,
    "_created_at": 1769707538.080465
  },
  "subclass:Q5:Q43229": {
    "value": false,
    "_created_at": 1769707540.246915
  },
  "subclass:Q5:Q4164871": {
    "value": false,
    "_created_at": 1769707541.3210886
  },
  "subclass:Q1520223:Q43229": {
    "value": false,
    "_created_at": 1769707550.2609892
  },
  "subclass:Q51576574:Q43229": {
    "value": false,
    "_created_at": 1769707551.2430215
  },
  "subclass:Q1520223:Q4164871": {
    "value": false,
    "_created_at": 1769707552.75799
  },
  "subclass:Q51576574:Q4164871": {
    "value": false,
    "_created_at": 1769707555.210703
  },
  "subclass:Q485258:Q43229": {
    "value": false,
    "_created_at": 1769707557.5755584
  },
  "subclass:Q485258:Q4164871": {
    "value": false,
    "_created_at": 1769707559.1121373
  },
  "subclass:Q189533:Q43229": {
    "value": false,
    "_created_at": 1769707559.879573
  },
  "subclass:Q22808320:Q43229": {
    "value": false,
    "_created_at": 1769707562.0547585
  },
  "subclass:Q22808320:Q4164871": {
    "value": false,
    "_created_at": 1769707563.3768013
  },
  "subclass:Q3918:Q43229": {
    "value": false,
    "_created_at": 1769707571.1541796
  },
  "subclass:Q23002054:Q43229": {
    "value": true,
    "_created_at": 1769707572.3995633
  },
  "subclass:Q3918:Q4164871": {
    "value": false,
    "_created_at": 1769707573.4975824
  },
  "subclass:Q23002054:Q4164871": {
    "value": false,
    "_created_at": 1769707574.348593
  },
  "subclass:Q45400320:Q4164871": {
    "value": false,
    "_created_at": 1769707575.1519217
  },
  "subclass:Q1130279:Q43229": {
    "value": false,
    "_created_at": 1769708440.1363251
  },
  "subclass:Q12308941:Q43229": {
    "value": false,
    "_created_at": 1769708441.3410804
  },
  "subclass:Q1130279:Q4164871": {
    "value": false,
    "_created_at": 1769708442.2129483
  },
  "subclass:Q12308941:Q4164871": {
    "value": false,
    "_created_at": 1769708443.502166
  },
  "subclass:Q101352:Q43229": {
    "value": false,
    "_created_at": 1769708447.7536025
  },
  "subclass:Q101352:Q4164871": {
    "value": false,
    "_created_at": 1769708448.5610623
  },
  "subclass:Q202444:Q43229": {
    "value": false,
    "_created_at": 1769708723.297472
  },
  "subclass:Q202444:Q4164871": {
    "value": false,
    "_created_at": 1769708724.7294734
  },
  "subclass:Q40953:Q43229": {
    "value": false,
    "_created_at": 1769708727.3369057
  },
  "subclass:Q1231595:Q43229": {
    "value": false,
    "_created_at": 1769708728.1410718
  },
  "subclass:Q40953:Q4164871": {
    "value": false,
    "_created_at": 1769708728.976897
  },
  "subclass:Q1231595:Q4164871": {
    "value": false,
    "_created_at": 1769708730.255768
  }
}